game_ID,Prediction
2012_1104_1124,0
2012_1104_1125,1
2012_1104_1140,1
2012_1104_1143,1
2012_1104_1153,0
2012_1104_1160,1
2012_1104_1161,1
2012_1104_1163,0
2012_1104_1166,0
2012_1104_1172,1
2012_1104_1178,1
2012_1104_1181,0
2012_1104_1196,0
2012_1104_1199,0
2012_1104_1207,0
2012_1104_1211,0
2012_1104_1217,0
2012_1104_1231,0
2012_1104_1233,1
2012_1104_1235,0
2012_1104_1242,0
2012_1104_1243,1
2012_1104_1246,0
2012_1104_1249,1
2012_1104_1250,1
2012_1104_1253,1
2012_1104_1254,1
2012_1104_1257,0
2012_1104_1259,1
2012_1104_1266,0
2012_1104_1272,0
2012_1104_1276,0
2012_1104_1277,0
2012_1104_1281,0
2012_1104_1285,1
2012_1104_1290,1
2012_1104_1293,0
2012_1104_1301,1
2012_1104_1307,0
2012_1104_1308,1
2012_1104_1313,1
2012_1104_1314,0
2012_1104_1323,0
2012_1104_1325,1
2012_1104_1326,0
2012_1104_1345,1
2012_1104_1355,1
2012_1104_1361,0
2012_1104_1378,1
2012_1104_1379,0
2012_1104_1382,1
2012_1104_1387,0
2012_1104_1388,0
2012_1104_1393,0
2012_1104_1396,0
2012_1104_1400,1
2012_1104_1421,1
2012_1104_1424,0
2012_1104_1433,0
2012_1104_1435,0
2012_1104_1436,1
2012_1104_1438,1
2012_1104_1443,1
2012_1104_1452,1
2012_1104_1455,0
2012_1104_1458,0
2012_1104_1462,1
2012_1124_1125,1
2012_1124_1140,1
2012_1124_1143,1
2012_1124_1153,1
2012_1124_1160,1
2012_1124_1161,1
2012_1124_1163,1
2012_1124_1166,1
2012_1124_1172,1
2012_1124_1178,1
2012_1124_1181,0
2012_1124_1196,1
2012_1124_1199,1
2012_1124_1207,1
2012_1124_1211,1
2012_1124_1217,1
2012_1124_1231,1
2012_1124_1233,1
2012_1124_1235,1
2012_1124_1242,0
2012_1124_1243,1
2012_1124_1246,0
2012_1124_1249,1
2012_1124_1250,1
2012_1124_1253,1
2012_1124_1254,1
2012_1124_1257,1
2012_1124_1259,1
2012_1124_1266,1
2012_1124_1272,1
2012_1124_1276,1
2012_1124_1277,0
2012_1124_1281,0
2012_1124_1285,1
2012_1124_1290,1
2012_1124_1293,0
2012_1124_1301,1
2012_1124_1307,0
2012_1124_1308,1
2012_1124_1313,1
2012_1124_1314,0
2012_1124_1323,1
2012_1124_1325,1
2012_1124_1326,0
2012_1124_1345,1
2012_1124_1355,1
2012_1124_1361,1
2012_1124_1378,1
2012_1124_1379,1
2012_1124_1382,1
2012_1124_1387,1
2012_1124_1388,1
2012_1124_1393,0
2012_1124_1396,1
2012_1124_1400,1
2012_1124_1421,1
2012_1124_1424,1
2012_1124_1433,1
2012_1124_1435,1
2012_1124_1436,1
2012_1124_1438,1
2012_1124_1443,1
2012_1124_1452,1
2012_1124_1455,0
2012_1124_1458,1
2012_1124_1462,1
2012_1125_1140,0
2012_1125_1143,0
2012_1125_1153,0
2012_1125_1160,0
2012_1125_1161,0
2012_1125_1163,0
2012_1125_1166,0
2012_1125_1172,0
2012_1125_1178,0
2012_1125_1181,0
2012_1125_1196,0
2012_1125_1199,0
2012_1125_1207,0
2012_1125_1211,0
2012_1125_1217,0
2012_1125_1231,0
2012_1125_1233,0
2012_1125_1235,0
2012_1125_1242,0
2012_1125_1243,0
2012_1125_1246,0
2012_1125_1249,0
2012_1125_1250,0
2012_1125_1253,0
2012_1125_1254,1
2012_1125_1257,0
2012_1125_1259,0
2012_1125_1266,0
2012_1125_1272,0
2012_1125_1276,0
2012_1125_1277,0
2012_1125_1281,0
2012_1125_1285,0
2012_1125_1290,1
2012_1125_1293,0
2012_1125_1301,0
2012_1125_1307,0
2012_1125_1308,0
2012_1125_1313,0
2012_1125_1314,0
2012_1125_1323,0
2012_1125_1325,0
2012_1125_1326,0
2012_1125_1345,0
2012_1125_1355,0
2012_1125_1361,0
2012_1125_1378,0
2012_1125_1379,0
2012_1125_1382,0
2012_1125_1387,0
2012_1125_1388,0
2012_1125_1393,0
2012_1125_1396,0
2012_1125_1400,0
2012_1125_1421,1
2012_1125_1424,0
2012_1125_1433,0
2012_1125_1435,0
2012_1125_1436,1
2012_1125_1438,0
2012_1125_1443,1
2012_1125_1452,0
2012_1125_1455,0
2012_1125_1458,0
2012_1125_1462,0
2012_1140_1143,0
2012_1140_1153,0
2012_1140_1160,0
2012_1140_1161,0
2012_1140_1163,0
2012_1140_1166,0
2012_1140_1172,0
2012_1140_1178,0
2012_1140_1181,0
2012_1140_1196,0
2012_1140_1199,0
2012_1140_1207,0
2012_1140_1211,0
2012_1140_1217,0
2012_1140_1231,0
2012_1140_1233,0
2012_1140_1235,0
2012_1140_1242,0
2012_1140_1243,0
2012_1140_1246,0
2012_1140_1249,0
2012_1140_1250,0
2012_1140_1253,0
2012_1140_1254,1
2012_1140_1257,0
2012_1140_1259,0
2012_1140_1266,0
2012_1140_1272,0
2012_1140_1276,0
2012_1140_1277,0
2012_1140_1281,0
2012_1140_1285,0
2012_1140_1290,1
2012_1140_1293,0
2012_1140_1301,0
2012_1140_1307,0
2012_1140_1308,1
2012_1140_1313,0
2012_1140_1314,0
2012_1140_1323,0
2012_1140_1325,0
2012_1140_1326,0
2012_1140_1345,0
2012_1140_1355,0
2012_1140_1361,0
2012_1140_1378,0
2012_1140_1379,0
2012_1140_1382,0
2012_1140_1387,0
2012_1140_1388,0
2012_1140_1393,0
2012_1140_1396,0
2012_1140_1400,0
2012_1140_1421,1
2012_1140_1424,0
2012_1140_1433,0
2012_1140_1435,0
2012_1140_1436,1
2012_1140_1438,0
2012_1140_1443,1
2012_1140_1452,0
2012_1140_1455,0
2012_1140_1458,0
2012_1140_1462,0
2012_1143_1153,0
2012_1143_1160,1
2012_1143_1161,1
2012_1143_1163,0
2012_1143_1166,0
2012_1143_1172,1
2012_1143_1178,1
2012_1143_1181,0
2012_1143_1196,0
2012_1143_1199,0
2012_1143_1207,0
2012_1143_1211,0
2012_1143_1217,0
2012_1143_1231,0
2012_1143_1233,1
2012_1143_1235,0
2012_1143_1242,0
2012_1143_1243,0
2012_1143_1246,0
2012_1143_1249,1
2012_1143_1250,1
2012_1143_1253,1
2012_1143_1254,1
2012_1143_1257,0
2012_1143_1259,1
2012_1143_1266,0
2012_1143_1272,0
2012_1143_1276,0
2012_1143_1277,0
2012_1143_1281,0
2012_1143_1285,1
2012_1143_1290,1
2012_1143_1293,0
2012_1143_1301,0
2012_1143_1307,0
2012_1143_1308,1
2012_1143_1313,1
2012_1143_1314,0
2012_1143_1323,0
2012_1143_1325,1
2012_1143_1326,0
2012_1143_1345,1
2012_1143_1355,1
2012_1143_1361,0
2012_1143_1378,1
2012_1143_1379,0
2012_1143_1382,1
2012_1143_1387,0
2012_1143_1388,0
2012_1143_1393,0
2012_1143_1396,0
2012_1143_1400,1
2012_1143_1421,1
2012_1143_1424,0
2012_1143_1433,0
2012_1143_1435,0
2012_1143_1436,1
2012_1143_1438,0
2012_1143_1443,1
2012_1143_1452,1
2012_1143_1455,0
2012_1143_1458,0
2012_1143_1462,0
2012_1153_1160,1
2012_1153_1161,1
2012_1153_1163,1
2012_1153_1166,0
2012_1153_1172,1
2012_1153_1178,1
2012_1153_1181,0
2012_1153_1196,1
2012_1153_1199,0
2012_1153_1207,0
2012_1153_1211,1
2012_1153_1217,1
2012_1153_1231,0
2012_1153_1233,1
2012_1153_1235,1
2012_1153_1242,0
2012_1153_1243,1
2012_1153_1246,0
2012_1153_1249,1
2012_1153_1250,1
2012_1153_1253,1
2012_1153_1254,1
2012_1153_1257,0
2012_1153_1259,1
2012_1153_1266,0
2012_1153_1272,0
2012_1153_1276,0
2012_1153_1277,0
2012_1153_1281,0
2012_1153_1285,1
2012_1153_1290,1
2012_1153_1293,0
2012_1153_1301,1
2012_1153_1307,0
2012_1153_1308,1
2012_1153_1313,1
2012_1153_1314,0
2012_1153_1323,1
2012_1153_1325,1
2012_1153_1326,0
2012_1153_1345,1
2012_1153_1355,1
2012_1153_1361,0
2012_1153_1378,1
2012_1153_1379,1
2012_1153_1382,1
2012_1153_1387,1
2012_1153_1388,0
2012_1153_1393,0
2012_1153_1396,0
2012_1153_1400,1
2012_1153_1421,1
2012_1153_1424,0
2012_1153_1433,1
2012_1153_1435,0
2012_1153_1436,1
2012_1153_1438,1
2012_1153_1443,1
2012_1153_1452,1
2012_1153_1455,0
2012_1153_1458,0
2012_1153_1462,1
2012_1160_1161,1
2012_1160_1163,0
2012_1160_1166,0
2012_1160_1172,0
2012_1160_1178,1
2012_1160_1181,0
2012_1160_1196,0
2012_1160_1199,0
2012_1160_1207,0
2012_1160_1211,0
2012_1160_1217,0
2012_1160_1231,0
2012_1160_1233,0
2012_1160_1235,0
2012_1160_1242,0
2012_1160_1243,0
2012_1160_1246,0
2012_1160_1249,1
2012_1160_1250,1
2012_1160_1253,0
2012_1160_1254,1
2012_1160_1257,0
2012_1160_1259,1
2012_1160_1266,0
2012_1160_1272,0
2012_1160_1276,0
2012_1160_1277,0
2012_1160_1281,0
2012_1160_1285,0
2012_1160_1290,1
2012_1160_1293,0
2012_1160_1301,0
2012_1160_1307,0
2012_1160_1308,1
2012_1160_1313,1
2012_1160_1314,0
2012_1160_1323,0
2012_1160_1325,0
2012_1160_1326,0
2012_1160_1345,0
2012_1160_1355,0
2012_1160_1361,0
2012_1160_1378,1
2012_1160_1379,0
2012_1160_1382,1
2012_1160_1387,0
2012_1160_1388,0
2012_1160_1393,0
2012_1160_1396,0
2012_1160_1400,1
2012_1160_1421,1
2012_1160_1424,0
2012_1160_1433,0
2012_1160_1435,0
2012_1160_1436,1
2012_1160_1438,0
2012_1160_1443,1
2012_1160_1452,0
2012_1160_1455,0
2012_1160_1458,0
2012_1160_1462,0
2012_1161_1163,0
2012_1161_1166,0
2012_1161_1172,0
2012_1161_1178,1
2012_1161_1181,0
2012_1161_1196,0
2012_1161_1199,0
2012_1161_1207,0
2012_1161_1211,0
2012_1161_1217,0
2012_1161_1231,0
2012_1161_1233,0
2012_1161_1235,0
2012_1161_1242,0
2012_1161_1243,0
2012_1161_1246,0
2012_1161_1249,1
2012_1161_1250,0
2012_1161_1253,0
2012_1161_1254,1
2012_1161_1257,0
2012_1161_1259,0
2012_1161_1266,0
2012_1161_1272,0
2012_1161_1276,0
2012_1161_1277,0
2012_1161_1281,0
2012_1161_1285,0
2012_1161_1290,1
2012_1161_1293,0
2012_1161_1301,0
2012_1161_1307,0
2012_1161_1308,1
2012_1161_1313,1
2012_1161_1314,0
2012_1161_1323,0
2012_1161_1325,0
2012_1161_1326,0
2012_1161_1345,0
2012_1161_1355,0
2012_1161_1361,0
2012_1161_1378,0
2012_1161_1379,0
2012_1161_1382,1
2012_1161_1387,0
2012_1161_1388,0
2012_1161_1393,0
2012_1161_1396,0
2012_1161_1400,0
2012_1161_1421,1
2012_1161_1424,0
2012_1161_1433,0
2012_1161_1435,0
2012_1161_1436,1
2012_1161_1438,0
2012_1161_1443,1
2012_1161_1452,0
2012_1161_1455,0
2012_1161_1458,0
2012_1161_1462,0
2012_1163_1166,0
2012_1163_1172,1
2012_1163_1178,1
2012_1163_1181,0
2012_1163_1196,0
2012_1163_1199,0
2012_1163_1207,0
2012_1163_1211,0
2012_1163_1217,1
2012_1163_1231,0
2012_1163_1233,1
2012_1163_1235,1
2012_1163_1242,0
2012_1163_1243,1
2012_1163_1246,0
2012_1163_1249,1
2012_1163_1250,1
2012_1163_1253,1
2012_1163_1254,1
2012_1163_1257,0
2012_1163_1259,1
2012_1163_1266,0
2012_1163_1272,0
2012_1163_1276,0
2012_1163_1277,0
2012_1163_1281,0
2012_1163_1285,1
2012_1163_1290,1
2012_1163_1293,0
2012_1163_1301,1
2012_1163_1307,0
2012_1163_1308,1
2012_1163_1313,1
2012_1163_1314,0
2012_1163_1323,1
2012_1163_1325,1
2012_1163_1326,0
2012_1163_1345,1
2012_1163_1355,1
2012_1163_1361,0
2012_1163_1378,1
2012_1163_1379,1
2012_1163_1382,1
2012_1163_1387,1
2012_1163_1388,0
2012_1163_1393,0
2012_1163_1396,0
2012_1163_1400,1
2012_1163_1421,1
2012_1163_1424,0
2012_1163_1433,1
2012_1163_1435,0
2012_1163_1436,1
2012_1163_1438,1
2012_1163_1443,1
2012_1163_1452,1
2012_1163_1455,0
2012_1163_1458,0
2012_1163_1462,1
2012_1166_1172,1
2012_1166_1178,1
2012_1166_1181,0
2012_1166_1196,1
2012_1166_1199,0
2012_1166_1207,0
2012_1166_1211,0
2012_1166_1217,1
2012_1166_1231,1
2012_1166_1233,1
2012_1166_1235,1
2012_1166_1242,0
2012_1166_1243,1
2012_1166_1246,0
2012_1166_1249,1
2012_1166_1250,1
2012_1166_1253,1
2012_1166_1254,1
2012_1166_1257,0
2012_1166_1259,1
2012_1166_1266,0
2012_1166_1272,1
2012_1166_1276,0
2012_1166_1277,0
2012_1166_1281,0
2012_1166_1285,1
2012_1166_1290,1
2012_1166_1293,0
2012_1166_1301,1
2012_1166_1307,0
2012_1166_1308,1
2012_1166_1313,1
2012_1166_1314,0
2012_1166_1323,1
2012_1166_1325,1
2012_1166_1326,0
2012_1166_1345,1
2012_1166_1355,1
2012_1166_1361,0
2012_1166_1378,1
2012_1166_1379,1
2012_1166_1382,1
2012_1166_1387,1
2012_1166_1388,0
2012_1166_1393,0
2012_1166_1396,0
2012_1166_1400,1
2012_1166_1421,1
2012_1166_1424,0
2012_1166_1433,1
2012_1166_1435,1
2012_1166_1436,1
2012_1166_1438,1
2012_1166_1443,1
2012_1166_1452,1
2012_1166_1455,0
2012_1166_1458,0
2012_1166_1462,1
2012_1172_1178,1
2012_1172_1181,0
2012_1172_1196,0
2012_1172_1199,0
2012_1172_1207,0
2012_1172_1211,0
2012_1172_1217,0
2012_1172_1231,0
2012_1172_1233,0
2012_1172_1235,0
2012_1172_1242,0
2012_1172_1243,0
2012_1172_1246,0
2012_1172_1249,1
2012_1172_1250,0
2012_1172_1253,0
2012_1172_1254,1
2012_1172_1257,0
2012_1172_1259,0
2012_1172_1266,0
2012_1172_1272,0
2012_1172_1276,0
2012_1172_1277,0
2012_1172_1281,0
2012_1172_1285,0
2012_1172_1290,1
2012_1172_1293,0
2012_1172_1301,0
2012_1172_1307,0
2012_1172_1308,1
2012_1172_1313,1
2012_1172_1314,0
2012_1172_1323,0
2012_1172_1325,0
2012_1172_1326,0
2012_1172_1345,0
2012_1172_1355,0
2012_1172_1361,0
2012_1172_1378,1
2012_1172_1379,0
2012_1172_1382,1
2012_1172_1387,0
2012_1172_1388,0
2012_1172_1393,0
2012_1172_1396,0
2012_1172_1400,0
2012_1172_1421,1
2012_1172_1424,0
2012_1172_1433,0
2012_1172_1435,0
2012_1172_1436,1
2012_1172_1438,0
2012_1172_1443,1
2012_1172_1452,0
2012_1172_1455,0
2012_1172_1458,0
2012_1172_1462,0
2012_1178_1181,0
2012_1178_1196,0
2012_1178_1199,0
2012_1178_1207,0
2012_1178_1211,0
2012_1178_1217,0
2012_1178_1231,0
2012_1178_1233,0
2012_1178_1235,0
2012_1178_1242,0
2012_1178_1243,0
2012_1178_1246,0
2012_1178_1249,0
2012_1178_1250,0
2012_1178_1253,0
2012_1178_1254,1
2012_1178_1257,0
2012_1178_1259,0
2012_1178_1266,0
2012_1178_1272,0
2012_1178_1276,0
2012_1178_1277,0
2012_1178_1281,0
2012_1178_1285,0
2012_1178_1290,1
2012_1178_1293,0
2012_1178_1301,0
2012_1178_1307,0
2012_1178_1308,0
2012_1178_1313,0
2012_1178_1314,0
2012_1178_1323,0
2012_1178_1325,0
2012_1178_1326,0
2012_1178_1345,0
2012_1178_1355,0
2012_1178_1361,0
2012_1178_1378,0
2012_1178_1379,0
2012_1178_1382,0
2012_1178_1387,0
2012_1178_1388,0
2012_1178_1393,0
2012_1178_1396,0
2012_1178_1400,0
2012_1178_1421,1
2012_1178_1424,0
2012_1178_1433,0
2012_1178_1435,0
2012_1178_1436,0
2012_1178_1438,0
2012_1178_1443,1
2012_1178_1452,0
2012_1178_1455,0
2012_1178_1458,0
2012_1178_1462,0
2012_1181_1196,1
2012_1181_1199,1
2012_1181_1207,1
2012_1181_1211,1
2012_1181_1217,1
2012_1181_1231,1
2012_1181_1233,1
2012_1181_1235,1
2012_1181_1242,1
2012_1181_1243,1
2012_1181_1246,0
2012_1181_1249,1
2012_1181_1250,1
2012_1181_1253,1
2012_1181_1254,1
2012_1181_1257,1
2012_1181_1259,1
2012_1181_1266,1
2012_1181_1272,1
2012_1181_1276,1
2012_1181_1277,1
2012_1181_1281,0
2012_1181_1285,1
2012_1181_1290,1
2012_1181_1293,0
2012_1181_1301,1
2012_1181_1307,1
2012_1181_1308,1
2012_1181_1313,1
2012_1181_1314,1
2012_1181_1323,1
2012_1181_1325,1
2012_1181_1326,1
2012_1181_1345,1
2012_1181_1355,1
2012_1181_1361,1
2012_1181_1378,1
2012_1181_1379,1
2012_1181_1382,1
2012_1181_1387,1
2012_1181_1388,1
2012_1181_1393,0
2012_1181_1396,1
2012_1181_1400,1
2012_1181_1421,1
2012_1181_1424,1
2012_1181_1433,1
2012_1181_1435,1
2012_1181_1436,1
2012_1181_1438,1
2012_1181_1443,1
2012_1181_1452,1
2012_1181_1455,1
2012_1181_1458,1
2012_1181_1462,1
2012_1196_1199,0
2012_1196_1207,0
2012_1196_1211,0
2012_1196_1217,0
2012_1196_1231,0
2012_1196_1233,1
2012_1196_1235,1
2012_1196_1242,0
2012_1196_1243,1
2012_1196_1246,0
2012_1196_1249,1
2012_1196_1250,1
2012_1196_1253,1
2012_1196_1254,1
2012_1196_1257,0
2012_1196_1259,1
2012_1196_1266,0
2012_1196_1272,0
2012_1196_1276,0
2012_1196_1277,0
2012_1196_1281,0
2012_1196_1285,1
2012_1196_1290,1
2012_1196_1293,0
2012_1196_1301,1
2012_1196_1307,0
2012_1196_1308,1
2012_1196_1313,1
2012_1196_1314,0
2012_1196_1323,1
2012_1196_1325,1
2012_1196_1326,0
2012_1196_1345,1
2012_1196_1355,1
2012_1196_1361,0
2012_1196_1378,1
2012_1196_1379,1
2012_1196_1382,1
2012_1196_1387,1
2012_1196_1388,0
2012_1196_1393,0
2012_1196_1396,0
2012_1196_1400,1
2012_1196_1421,1
2012_1196_1424,0
2012_1196_1433,1
2012_1196_1435,0
2012_1196_1436,1
2012_1196_1438,1
2012_1196_1443,1
2012_1196_1452,1
2012_1196_1455,0
2012_1196_1458,0
2012_1196_1462,1
2012_1199_1207,1
2012_1199_1211,1
2012_1199_1217,1
2012_1199_1231,0
2012_1199_1233,1
2012_1199_1235,1
2012_1199_1242,0
2012_1199_1243,1
2012_1199_1246,0
2012_1199_1249,1
2012_1199_1250,1
2012_1199_1253,1
2012_1199_1254,1
2012_1199_1257,0
2012_1199_1259,1
2012_1199_1266,0
2012_1199_1272,1
2012_1199_1276,0
2012_1199_1277,0
2012_1199_1281,0
2012_1199_1285,1
2012_1199_1290,1
2012_1199_1293,0
2012_1199_1301,1
2012_1199_1307,0
2012_1199_1308,1
2012_1199_1313,1
2012_1199_1314,0
2012_1199_1323,1
2012_1199_1325,1
2012_1199_1326,0
2012_1199_1345,1
2012_1199_1355,1
2012_1199_1361,1
2012_1199_1378,1
2012_1199_1379,1
2012_1199_1382,1
2012_1199_1387,1
2012_1199_1388,1
2012_1199_1393,0
2012_1199_1396,0
2012_1199_1400,1
2012_1199_1421,1
2012_1199_1424,1
2012_1199_1433,1
2012_1199_1435,0
2012_1199_1436,1
2012_1199_1438,1
2012_1199_1443,1
2012_1199_1452,1
2012_1199_1455,0
2012_1199_1458,0
2012_1199_1462,1
2012_1207_1211,1
2012_1207_1217,1
2012_1207_1231,0
2012_1207_1233,1
2012_1207_1235,1
2012_1207_1242,0
2012_1207_1243,1
2012_1207_1246,0
2012_1207_1249,1
2012_1207_1250,1
2012_1207_1253,1
2012_1207_1254,1
2012_1207_1257,0
2012_1207_1259,1
2012_1207_1266,0
2012_1207_1272,1
2012_1207_1276,0
2012_1207_1277,0
2012_1207_1281,0
2012_1207_1285,1
2012_1207_1290,1
2012_1207_1293,0
2012_1207_1301,1
2012_1207_1307,0
2012_1207_1308,1
2012_1207_1313,1
2012_1207_1314,0
2012_1207_1323,1
2012_1207_1325,1
2012_1207_1326,0
2012_1207_1345,1
2012_1207_1355,1
2012_1207_1361,1
2012_1207_1378,1
2012_1207_1379,1
2012_1207_1382,1
2012_1207_1387,1
2012_1207_1388,1
2012_1207_1393,0
2012_1207_1396,0
2012_1207_1400,1
2012_1207_1421,1
2012_1207_1424,1
2012_1207_1433,1
2012_1207_1435,1
2012_1207_1436,1
2012_1207_1438,1
2012_1207_1443,1
2012_1207_1452,1
2012_1207_1455,0
2012_1207_1458,0
2012_1207_1462,1
2012_1211_1217,0
2012_1211_1231,0
2012_1211_1233,1
2012_1211_1235,1
2012_1211_1242,0
2012_1211_1243,1
2012_1211_1246,0
2012_1211_1249,1
2012_1211_1250,1
2012_1211_1253,1
2012_1211_1254,1
2012_1211_1257,0
2012_1211_1259,1
2012_1211_1266,0
2012_1211_1272,0
2012_1211_1276,0
2012_1211_1277,0
2012_1211_1281,0
2012_1211_1285,1
2012_1211_1290,1
2012_1211_1293,0
2012_1211_1301,1
2012_1211_1307,0
2012_1211_1308,1
2012_1211_1313,1
2012_1211_1314,0
2012_1211_1323,1
2012_1211_1325,1
2012_1211_1326,0
2012_1211_1345,1
2012_1211_1355,1
2012_1211_1361,0
2012_1211_1378,1
2012_1211_1379,1
2012_1211_1382,1
2012_1211_1387,1
2012_1211_1388,0
2012_1211_1393,0
2012_1211_1396,0
2012_1211_1400,1
2012_1211_1421,1
2012_1211_1424,0
2012_1211_1433,0
2012_1211_1435,0
2012_1211_1436,1
2012_1211_1438,1
2012_1211_1443,1
2012_1211_1452,1
2012_1211_1455,0
2012_1211_1458,0
2012_1211_1462,1
2012_1217_1231,0
2012_1217_1233,1
2012_1217_1235,0
2012_1217_1242,0
2012_1217_1243,0
2012_1217_1246,0
2012_1217_1249,1
2012_1217_1250,1
2012_1217_1253,1
2012_1217_1254,1
2012_1217_1257,0
2012_1217_1259,1
2012_1217_1266,0
2012_1217_1272,0
2012_1217_1276,0
2012_1217_1277,0
2012_1217_1281,0
2012_1217_1285,1
2012_1217_1290,1
2012_1217_1293,0
2012_1217_1301,1
2012_1217_1307,0
2012_1217_1308,1
2012_1217_1313,1
2012_1217_1314,0
2012_1217_1323,0
2012_1217_1325,1
2012_1217_1326,0
2012_1217_1345,1
2012_1217_1355,1
2012_1217_1361,0
2012_1217_1378,1
2012_1217_1379,1
2012_1217_1382,1
2012_1217_1387,0
2012_1217_1388,0
2012_1217_1393,0
2012_1217_1396,0
2012_1217_1400,1
2012_1217_1421,1
2012_1217_1424,0
2012_1217_1433,0
2012_1217_1435,0
2012_1217_1436,1
2012_1217_1438,0
2012_1217_1443,1
2012_1217_1452,1
2012_1217_1455,0
2012_1217_1458,0
2012_1217_1462,1
2012_1231_1233,1
2012_1231_1235,1
2012_1231_1242,0
2012_1231_1243,1
2012_1231_1246,0
2012_1231_1249,1
2012_1231_1250,1
2012_1231_1253,1
2012_1231_1254,1
2012_1231_1257,0
2012_1231_1259,1
2012_1231_1266,0
2012_1231_1272,1
2012_1231_1276,0
2012_1231_1277,0
2012_1231_1281,0
2012_1231_1285,1
2012_1231_1290,1
2012_1231_1293,0
2012_1231_1301,1
2012_1231_1307,0
2012_1231_1308,1
2012_1231_1313,1
2012_1231_1314,0
2012_1231_1323,1
2012_1231_1325,1
2012_1231_1326,0
2012_1231_1345,1
2012_1231_1355,1
2012_1231_1361,0
2012_1231_1378,1
2012_1231_1379,1
2012_1231_1382,1
2012_1231_1387,1
2012_1231_1388,0
2012_1231_1393,0
2012_1231_1396,0
2012_1231_1400,1
2012_1231_1421,1
2012_1231_1424,0
2012_1231_1433,1
2012_1231_1435,1
2012_1231_1436,1
2012_1231_1438,1
2012_1231_1443,1
2012_1231_1452,1
2012_1231_1455,0
2012_1231_1458,0
2012_1231_1462,1
2012_1233_1235,0
2012_1233_1242,0
2012_1233_1243,0
2012_1233_1246,0
2012_1233_1249,0
2012_1233_1250,0
2012_1233_1253,0
2012_1233_1254,1
2012_1233_1257,0
2012_1233_1259,0
2012_1233_1266,0
2012_1233_1272,0
2012_1233_1276,0
2012_1233_1277,0
2012_1233_1281,0
2012_1233_1285,0
2012_1233_1290,1
2012_1233_1293,0
2012_1233_1301,0
2012_1233_1307,0
2012_1233_1308,1
2012_1233_1313,0
2012_1233_1314,0
2012_1233_1323,0
2012_1233_1325,0
2012_1233_1326,0
2012_1233_1345,0
2012_1233_1355,0
2012_1233_1361,0
2012_1233_1378,0
2012_1233_1379,0
2012_1233_1382,0
2012_1233_1387,0
2012_1233_1388,0
2012_1233_1393,0
2012_1233_1396,0
2012_1233_1400,0
2012_1233_1421,1
2012_1233_1424,0
2012_1233_1433,0
2012_1233_1435,0
2012_1233_1436,1
2012_1233_1438,0
2012_1233_1443,1
2012_1233_1452,0
2012_1233_1455,0
2012_1233_1458,0
2012_1233_1462,0
2012_1235_1242,0
2012_1235_1243,1
2012_1235_1246,0
2012_1235_1249,1
2012_1235_1250,1
2012_1235_1253,1
2012_1235_1254,1
2012_1235_1257,0
2012_1235_1259,1
2012_1235_1266,0
2012_1235_1272,0
2012_1235_1276,0
2012_1235_1277,0
2012_1235_1281,0
2012_1235_1285,1
2012_1235_1290,1
2012_1235_1293,0
2012_1235_1301,1
2012_1235_1307,0
2012_1235_1308,1
2012_1235_1313,1
2012_1235_1314,0
2012_1235_1323,0
2012_1235_1325,1
2012_1235_1326,0
2012_1235_1345,1
2012_1235_1355,1
2012_1235_1361,0
2012_1235_1378,1
2012_1235_1379,1
2012_1235_1382,1
2012_1235_1387,0
2012_1235_1388,0
2012_1235_1393,0
2012_1235_1396,0
2012_1235_1400,1
2012_1235_1421,1
2012_1235_1424,0
2012_1235_1433,0
2012_1235_1435,0
2012_1235_1436,1
2012_1235_1438,1
2012_1235_1443,1
2012_1235_1452,1
2012_1235_1455,0
2012_1235_1458,0
2012_1235_1462,1
2012_1242_1243,1
2012_1242_1246,0
2012_1242_1249,1
2012_1242_1250,1
2012_1242_1253,1
2012_1242_1254,1
2012_1242_1257,1
2012_1242_1259,1
2012_1242_1266,1
2012_1242_1272,1
2012_1242_1276,1
2012_1242_1277,1
2012_1242_1281,0
2012_1242_1285,1
2012_1242_1290,1
2012_1242_1293,1
2012_1242_1301,1
2012_1242_1307,1
2012_1242_1308,1
2012_1242_1313,1
2012_1242_1314,0
2012_1242_1323,1
2012_1242_1325,1
2012_1242_1326,0
2012_1242_1345,1
2012_1242_1355,1
2012_1242_1361,1
2012_1242_1378,1
2012_1242_1379,1
2012_1242_1382,1
2012_1242_1387,1
2012_1242_1388,1
2012_1242_1393,0
2012_1242_1396,1
2012_1242_1400,1
2012_1242_1421,1
2012_1242_1424,1
2012_1242_1433,1
2012_1242_1435,1
2012_1242_1436,1
2012_1242_1438,1
2012_1242_1443,1
2012_1242_1452,1
2012_1242_1455,1
2012_1242_1458,1
2012_1242_1462,1
2012_1243_1246,0
2012_1243_1249,1
2012_1243_1250,1
2012_1243_1253,1
2012_1243_1254,1
2012_1243_1257,0
2012_1243_1259,1
2012_1243_1266,0
2012_1243_1272,0
2012_1243_1276,0
2012_1243_1277,0
2012_1243_1281,0
2012_1243_1285,1
2012_1243_1290,1
2012_1243_1293,0
2012_1243_1301,1
2012_1243_1307,0
2012_1243_1308,1
2012_1243_1313,1
2012_1243_1314,0
2012_1243_1323,0
2012_1243_1325,1
2012_1243_1326,0
2012_1243_1345,1
2012_1243_1355,1
2012_1243_1361,0
2012_1243_1378,1
2012_1243_1379,0
2012_1243_1382,1
2012_1243_1387,0
2012_1243_1388,0
2012_1243_1393,0
2012_1243_1396,0
2012_1243_1400,1
2012_1243_1421,1
2012_1243_1424,0
2012_1243_1433,1
2012_1243_1435,0
2012_1243_1436,1
2012_1243_1438,1
2012_1243_1443,1
2012_1243_1452,1
2012_1243_1455,0
2012_1243_1458,0
2012_1243_1462,1
2012_1246_1249,1
2012_1246_1250,1
2012_1246_1253,1
2012_1246_1254,1
2012_1246_1257,1
2012_1246_1259,1
2012_1246_1266,1
2012_1246_1272,1
2012_1246_1276,1
2012_1246_1277,1
2012_1246_1281,1
2012_1246_1285,1
2012_1246_1290,1
2012_1246_1293,1
2012_1246_1301,1
2012_1246_1307,1
2012_1246_1308,1
2012_1246_1313,1
2012_1246_1314,1
2012_1246_1323,1
2012_1246_1325,1
2012_1246_1326,1
2012_1246_1345,1
2012_1246_1355,1
2012_1246_1361,1
2012_1246_1378,1
2012_1246_1379,1
2012_1246_1382,1
2012_1246_1387,1
2012_1246_1388,1
2012_1246_1393,0
2012_1246_1396,1
2012_1246_1400,1
2012_1246_1421,1
2012_1246_1424,1
2012_1246_1433,1
2012_1246_1435,1
2012_1246_1436,1
2012_1246_1438,1
2012_1246_1443,1
2012_1246_1452,1
2012_1246_1455,1
2012_1246_1458,1
2012_1246_1462,1
2012_1249_1250,0
2012_1249_1253,0
2012_1249_1254,1
2012_1249_1257,0
2012_1249_1259,0
2012_1249_1266,0
2012_1249_1272,0
2012_1249_1276,0
2012_1249_1277,0
2012_1249_1281,0
2012_1249_1285,0
2012_1249_1290,1
2012_1249_1293,0
2012_1249_1301,0
2012_1249_1307,0
2012_1249_1308,1
2012_1249_1313,0
2012_1249_1314,0
2012_1249_1323,0
2012_1249_1325,0
2012_1249_1326,0
2012_1249_1345,0
2012_1249_1355,0
2012_1249_1361,0
2012_1249_1378,0
2012_1249_1379,0
2012_1249_1382,0
2012_1249_1387,0
2012_1249_1388,0
2012_1249_1393,0
2012_1249_1396,0
2012_1249_1400,0
2012_1249_1421,1
2012_1249_1424,0
2012_1249_1433,0
2012_1249_1435,0
2012_1249_1436,1
2012_1249_1438,0
2012_1249_1443,1
2012_1249_1452,0
2012_1249_1455,0
2012_1249_1458,0
2012_1249_1462,0
2012_1250_1253,0
2012_1250_1254,1
2012_1250_1257,0
2012_1250_1259,0
2012_1250_1266,0
2012_1250_1272,0
2012_1250_1276,0
2012_1250_1277,0
2012_1250_1281,0
2012_1250_1285,0
2012_1250_1290,0
2012_1250_1293,0
2012_1250_1301,0
2012_1250_1307,0
2012_1250_1308,0
2012_1250_1313,0
2012_1250_1314,0
2012_1250_1323,0
2012_1250_1325,0
2012_1250_1326,0
2012_1250_1345,0
2012_1250_1355,0
2012_1250_1361,0
2012_1250_1378,0
2012_1250_1379,0
2012_1250_1382,0
2012_1250_1387,0
2012_1250_1388,0
2012_1250_1393,0
2012_1250_1396,0
2012_1250_1400,0
2012_1250_1421,1
2012_1250_1424,0
2012_1250_1433,0
2012_1250_1435,0
2012_1250_1436,0
2012_1250_1438,0
2012_1250_1443,1
2012_1250_1452,0
2012_1250_1455,0
2012_1250_1458,0
2012_1250_1462,0
2012_1253_1254,1
2012_1253_1257,0
2012_1253_1259,0
2012_1253_1266,0
2012_1253_1272,0
2012_1253_1276,0
2012_1253_1277,0
2012_1253_1281,0
2012_1253_1285,0
2012_1253_1290,1
2012_1253_1293,0
2012_1253_1301,0
2012_1253_1307,0
2012_1253_1308,1
2012_1253_1313,1
2012_1253_1314,0
2012_1253_1323,0
2012_1253_1325,0
2012_1253_1326,0
2012_1253_1345,0
2012_1253_1355,0
2012_1253_1361,0
2012_1253_1378,0
2012_1253_1379,0
2012_1253_1382,0
2012_1253_1387,0
2012_1253_1388,0
2012_1253_1393,0
2012_1253_1396,0
2012_1253_1400,0
2012_1253_1421,1
2012_1253_1424,0
2012_1253_1433,0
2012_1253_1435,0
2012_1253_1436,1
2012_1253_1438,0
2012_1253_1443,1
2012_1253_1452,0
2012_1253_1455,0
2012_1253_1458,0
2012_1253_1462,0
2012_1254_1257,0
2012_1254_1259,0
2012_1254_1266,0
2012_1254_1272,0
2012_1254_1276,0
2012_1254_1277,0
2012_1254_1281,0
2012_1254_1285,0
2012_1254_1290,0
2012_1254_1293,0
2012_1254_1301,0
2012_1254_1307,0
2012_1254_1308,0
2012_1254_1313,0
2012_1254_1314,0
2012_1254_1323,0
2012_1254_1325,0
2012_1254_1326,0
2012_1254_1345,0
2012_1254_1355,0
2012_1254_1361,0
2012_1254_1378,0
2012_1254_1379,0
2012_1254_1382,0
2012_1254_1387,0
2012_1254_1388,0
2012_1254_1393,0
2012_1254_1396,0
2012_1254_1400,0
2012_1254_1421,0
2012_1254_1424,0
2012_1254_1433,0
2012_1254_1435,0
2012_1254_1436,0
2012_1254_1438,0
2012_1254_1443,0
2012_1254_1452,0
2012_1254_1455,0
2012_1254_1458,0
2012_1254_1462,0
2012_1257_1259,1
2012_1257_1266,0
2012_1257_1272,1
2012_1257_1276,0
2012_1257_1277,0
2012_1257_1281,0
2012_1257_1285,1
2012_1257_1290,1
2012_1257_1293,0
2012_1257_1301,1
2012_1257_1307,0
2012_1257_1308,1
2012_1257_1313,1
2012_1257_1314,0
2012_1257_1323,1
2012_1257_1325,1
2012_1257_1326,0
2012_1257_1345,1
2012_1257_1355,1
2012_1257_1361,1
2012_1257_1378,1
2012_1257_1379,1
2012_1257_1382,1
2012_1257_1387,1
2012_1257_1388,0
2012_1257_1393,0
2012_1257_1396,0
2012_1257_1400,1
2012_1257_1421,1
2012_1257_1424,1
2012_1257_1433,1
2012_1257_1435,1
2012_1257_1436,1
2012_1257_1438,1
2012_1257_1443,1
2012_1257_1452,1
2012_1257_1455,0
2012_1257_1458,0
2012_1257_1462,1
2012_1259_1266,0
2012_1259_1272,0
2012_1259_1276,0
2012_1259_1277,0
2012_1259_1281,0
2012_1259_1285,0
2012_1259_1290,1
2012_1259_1293,0
2012_1259_1301,0
2012_1259_1307,0
2012_1259_1308,1
2012_1259_1313,0
2012_1259_1314,0
2012_1259_1323,0
2012_1259_1325,0
2012_1259_1326,0
2012_1259_1345,0
2012_1259_1355,0
2012_1259_1361,0
2012_1259_1378,0
2012_1259_1379,0
2012_1259_1382,0
2012_1259_1387,0
2012_1259_1388,0
2012_1259_1393,0
2012_1259_1396,0
2012_1259_1400,0
2012_1259_1421,1
2012_1259_1424,0
2012_1259_1433,0
2012_1259_1435,0
2012_1259_1436,0
2012_1259_1438,0
2012_1259_1443,1
2012_1259_1452,0
2012_1259_1455,0
2012_1259_1458,0
2012_1259_1462,0
2012_1266_1272,1
2012_1266_1276,1
2012_1266_1277,0
2012_1266_1281,0
2012_1266_1285,1
2012_1266_1290,1
2012_1266_1293,0
2012_1266_1301,1
2012_1266_1307,0
2012_1266_1308,1
2012_1266_1313,1
2012_1266_1314,0
2012_1266_1323,1
2012_1266_1325,1
2012_1266_1326,0
2012_1266_1345,1
2012_1266_1355,1
2012_1266_1361,1
2012_1266_1378,1
2012_1266_1379,1
2012_1266_1382,1
2012_1266_1387,1
2012_1266_1388,1
2012_1266_1393,0
2012_1266_1396,1
2012_1266_1400,1
2012_1266_1421,1
2012_1266_1424,1
2012_1266_1433,1
2012_1266_1435,1
2012_1266_1436,1
2012_1266_1438,1
2012_1266_1443,1
2012_1266_1452,1
2012_1266_1455,0
2012_1266_1458,0
2012_1266_1462,1
2012_1272_1276,0
2012_1272_1277,0
2012_1272_1281,0
2012_1272_1285,1
2012_1272_1290,1
2012_1272_1293,0
2012_1272_1301,1
2012_1272_1307,0
2012_1272_1308,1
2012_1272_1313,1
2012_1272_1314,0
2012_1272_1323,1
2012_1272_1325,1
2012_1272_1326,0
2012_1272_1345,1
2012_1272_1355,1
2012_1272_1361,0
2012_1272_1378,1
2012_1272_1379,1
2012_1272_1382,1
2012_1272_1387,1
2012_1272_1388,0
2012_1272_1393,0
2012_1272_1396,0
2012_1272_1400,1
2012_1272_1421,1
2012_1272_1424,0
2012_1272_1433,1
2012_1272_1435,0
2012_1272_1436,1
2012_1272_1438,1
2012_1272_1443,1
2012_1272_1452,1
2012_1272_1455,0
2012_1272_1458,0
2012_1272_1462,1
2012_1276_1277,0
2012_1276_1281,0
2012_1276_1285,1
2012_1276_1290,1
2012_1276_1293,0
2012_1276_1301,1
2012_1276_1307,0
2012_1276_1308,1
2012_1276_1313,1
2012_1276_1314,0
2012_1276_1323,1
2012_1276_1325,1
2012_1276_1326,0
2012_1276_1345,1
2012_1276_1355,1
2012_1276_1361,1
2012_1276_1378,1
2012_1276_1379,1
2012_1276_1382,1
2012_1276_1387,1
2012_1276_1388,0
2012_1276_1393,0
2012_1276_1396,0
2012_1276_1400,1
2012_1276_1421,1
2012_1276_1424,0
2012_1276_1433,1
2012_1276_1435,1
2012_1276_1436,1
2012_1276_1438,1
2012_1276_1443,1
2012_1276_1452,1
2012_1276_1455,0
2012_1276_1458,0
2012_1276_1462,1
2012_1277_1281,0
2012_1277_1285,1
2012_1277_1290,1
2012_1277_1293,1
2012_1277_1301,1
2012_1277_1307,1
2012_1277_1308,1
2012_1277_1313,1
2012_1277_1314,0
2012_1277_1323,1
2012_1277_1325,1
2012_1277_1326,0
2012_1277_1345,1
2012_1277_1355,1
2012_1277_1361,1
2012_1277_1378,1
2012_1277_1379,1
2012_1277_1382,1
2012_1277_1387,1
2012_1277_1388,1
2012_1277_1393,0
2012_1277_1396,1
2012_1277_1400,1
2012_1277_1421,1
2012_1277_1424,1
2012_1277_1433,1
2012_1277_1435,1
2012_1277_1436,1
2012_1277_1438,1
2012_1277_1443,1
2012_1277_1452,1
2012_1277_1455,1
2012_1277_1458,1
2012_1277_1462,1
2012_1281_1285,1
2012_1281_1290,1
2012_1281_1293,1
2012_1281_1301,1
2012_1281_1307,1
2012_1281_1308,1
2012_1281_1313,1
2012_1281_1314,1
2012_1281_1323,1
2012_1281_1325,1
2012_1281_1326,1
2012_1281_1345,1
2012_1281_1355,1
2012_1281_1361,1
2012_1281_1378,1
2012_1281_1379,1
2012_1281_1382,1
2012_1281_1387,1
2012_1281_1388,1
2012_1281_1393,0
2012_1281_1396,1
2012_1281_1400,1
2012_1281_1421,1
2012_1281_1424,1
2012_1281_1433,1
2012_1281_1435,1
2012_1281_1436,1
2012_1281_1438,1
2012_1281_1443,1
2012_1281_1452,1
2012_1281_1455,1
2012_1281_1458,1
2012_1281_1462,1
2012_1285_1290,1
2012_1285_1293,0
2012_1285_1301,0
2012_1285_1307,0
2012_1285_1308,1
2012_1285_1313,1
2012_1285_1314,0
2012_1285_1323,0
2012_1285_1325,1
2012_1285_1326,0
2012_1285_1345,0
2012_1285_1355,1
2012_1285_1361,0
2012_1285_1378,1
2012_1285_1379,0
2012_1285_1382,1
2012_1285_1387,0
2012_1285_1388,0
2012_1285_1393,0
2012_1285_1396,0
2012_1285_1400,1
2012_1285_1421,1
2012_1285_1424,0
2012_1285_1433,0
2012_1285_1435,0
2012_1285_1436,1
2012_1285_1438,0
2012_1285_1443,1
2012_1285_1452,0
2012_1285_1455,0
2012_1285_1458,0
2012_1285_1462,0
2012_1290_1293,0
2012_1290_1301,0
2012_1290_1307,0
2012_1290_1308,0
2012_1290_1313,0
2012_1290_1314,0
2012_1290_1323,0
2012_1290_1325,0
2012_1290_1326,0
2012_1290_1345,0
2012_1290_1355,0
2012_1290_1361,0
2012_1290_1378,0
2012_1290_1379,0
2012_1290_1382,0
2012_1290_1387,0
2012_1290_1388,0
2012_1290_1393,0
2012_1290_1396,0
2012_1290_1400,0
2012_1290_1421,1
2012_1290_1424,0
2012_1290_1433,0
2012_1290_1435,0
2012_1290_1436,0
2012_1290_1438,0
2012_1290_1443,0
2012_1290_1452,0
2012_1290_1455,0
2012_1290_1458,0
2012_1290_1462,0
2012_1293_1301,1
2012_1293_1307,1
2012_1293_1308,1
2012_1293_1313,1
2012_1293_1314,0
2012_1293_1323,1
2012_1293_1325,1
2012_1293_1326,1
2012_1293_1345,1
2012_1293_1355,1
2012_1293_1361,1
2012_1293_1378,1
2012_1293_1379,1
2012_1293_1382,1
2012_1293_1387,1
2012_1293_1388,1
2012_1293_1393,0
2012_1293_1396,1
2012_1293_1400,1
2012_1293_1421,1
2012_1293_1424,1
2012_1293_1433,1
2012_1293_1435,1
2012_1293_1436,1
2012_1293_1438,1
2012_1293_1443,1
2012_1293_1452,1
2012_1293_1455,1
2012_1293_1458,1
2012_1293_1462,1
2012_1301_1307,0
2012_1301_1308,1
2012_1301_1313,1
2012_1301_1314,0
2012_1301_1323,0
2012_1301_1325,1
2012_1301_1326,0
2012_1301_1345,1
2012_1301_1355,1
2012_1301_1361,0
2012_1301_1378,1
2012_1301_1379,0
2012_1301_1382,1
2012_1301_1387,0
2012_1301_1388,0
2012_1301_1393,0
2012_1301_1396,0
2012_1301_1400,1
2012_1301_1421,1
2012_1301_1424,0
2012_1301_1433,0
2012_1301_1435,0
2012_1301_1436,1
2012_1301_1438,0
2012_1301_1443,1
2012_1301_1452,1
2012_1301_1455,0
2012_1301_1458,0
2012_1301_1462,0
2012_1307_1308,1
2012_1307_1313,1
2012_1307_1314,0
2012_1307_1323,1
2012_1307_1325,1
2012_1307_1326,0
2012_1307_1345,1
2012_1307_1355,1
2012_1307_1361,1
2012_1307_1378,1
2012_1307_1379,1
2012_1307_1382,1
2012_1307_1387,1
2012_1307_1388,0
2012_1307_1393,0
2012_1307_1396,1
2012_1307_1400,1
2012_1307_1421,1
2012_1307_1424,1
2012_1307_1433,1
2012_1307_1435,1
2012_1307_1436,1
2012_1307_1438,1
2012_1307_1443,1
2012_1307_1452,1
2012_1307_1455,0
2012_1307_1458,1
2012_1307_1462,1
2012_1308_1313,0
2012_1308_1314,0
2012_1308_1323,0
2012_1308_1325,0
2012_1308_1326,0
2012_1308_1345,0
2012_1308_1355,0
2012_1308_1361,0
2012_1308_1378,0
2012_1308_1379,0
2012_1308_1382,0
2012_1308_1387,0
2012_1308_1388,0
2012_1308_1393,0
2012_1308_1396,0
2012_1308_1400,0
2012_1308_1421,1
2012_1308_1424,0
2012_1308_1433,0
2012_1308_1435,0
2012_1308_1436,0
2012_1308_1438,0
2012_1308_1443,1
2012_1308_1452,0
2012_1308_1455,0
2012_1308_1458,0
2012_1308_1462,0
2012_1313_1314,0
2012_1313_1323,0
2012_1313_1325,0
2012_1313_1326,0
2012_1313_1345,0
2012_1313_1355,0
2012_1313_1361,0
2012_1313_1378,0
2012_1313_1379,0
2012_1313_1382,0
2012_1313_1387,0
2012_1313_1388,0
2012_1313_1393,0
2012_1313_1396,0
2012_1313_1400,0
2012_1313_1421,1
2012_1313_1424,0
2012_1313_1433,0
2012_1313_1435,0
2012_1313_1436,0
2012_1313_1438,0
2012_1313_1443,1
2012_1313_1452,0
2012_1313_1455,0
2012_1313_1458,0
2012_1313_1462,0
2012_1314_1323,1
2012_1314_1325,1
2012_1314_1326,0
2012_1314_1345,1
2012_1314_1355,1
2012_1314_1361,1
2012_1314_1378,1
2012_1314_1379,1
2012_1314_1382,1
2012_1314_1387,1
2012_1314_1388,1
2012_1314_1393,0
2012_1314_1396,1
2012_1314_1400,1
2012_1314_1421,1
2012_1314_1424,1
2012_1314_1433,1
2012_1314_1435,1
2012_1314_1436,1
2012_1314_1438,1
2012_1314_1443,1
2012_1314_1452,1
2012_1314_1455,1
2012_1314_1458,1
2012_1314_1462,1
2012_1323_1325,1
2012_1323_1326,0
2012_1323_1345,1
2012_1323_1355,1
2012_1323_1361,0
2012_1323_1378,1
2012_1323_1379,1
2012_1323_1382,1
2012_1323_1387,0
2012_1323_1388,0
2012_1323_1393,0
2012_1323_1396,0
2012_1323_1400,1
2012_1323_1421,1
2012_1323_1424,0
2012_1323_1433,1
2012_1323_1435,0
2012_1323_1436,1
2012_1323_1438,1
2012_1323_1443,1
2012_1323_1452,1
2012_1323_1455,0
2012_1323_1458,0
2012_1323_1462,1
2012_1325_1326,0
2012_1325_1345,0
2012_1325_1355,1
2012_1325_1361,0
2012_1325_1378,0
2012_1325_1379,0
2012_1325_1382,1
2012_1325_1387,0
2012_1325_1388,0
2012_1325_1393,0
2012_1325_1396,0
2012_1325_1400,0
2012_1325_1421,1
2012_1325_1424,0
2012_1325_1433,0
2012_1325_1435,0
2012_1325_1436,1
2012_1325_1438,0
2012_1325_1443,1
2012_1325_1452,0
2012_1325_1455,0
2012_1325_1458,0
2012_1325_1462,0
2012_1326_1345,1
2012_1326_1355,1
2012_1326_1361,1
2012_1326_1378,1
2012_1326_1379,1
2012_1326_1382,1
2012_1326_1387,1
2012_1326_1388,1
2012_1326_1393,0
2012_1326_1396,1
2012_1326_1400,1
2012_1326_1421,1
2012_1326_1424,1
2012_1326_1433,1
2012_1326_1435,1
2012_1326_1436,1
2012_1326_1438,1
2012_1326_1443,1
2012_1326_1452,1
2012_1326_1455,1
2012_1326_1458,1
2012_1326_1462,1
2012_1345_1355,1
2012_1345_1361,0
2012_1345_1378,1
2012_1345_1379,0
2012_1345_1382,1
2012_1345_1387,0
2012_1345_1388,0
2012_1345_1393,0
2012_1345_1396,0
2012_1345_1400,1
2012_1345_1421,1
2012_1345_1424,0
2012_1345_1433,0
2012_1345_1435,0
2012_1345_1436,1
2012_1345_1438,0
2012_1345_1443,1
2012_1345_1452,1
2012_1345_1455,0
2012_1345_1458,0
2012_1345_1462,0
2012_1355_1361,0
2012_1355_1378,0
2012_1355_1379,0
2012_1355_1382,0
2012_1355_1387,0
2012_1355_1388,0
2012_1355_1393,0
2012_1355_1396,0
2012_1355_1400,0
2012_1355_1421,1
2012_1355_1424,0
2012_1355_1433,0
2012_1355_1435,0
2012_1355_1436,1
2012_1355_1438,0
2012_1355_1443,1
2012_1355_1452,0
2012_1355_1455,0
2012_1355_1458,0
2012_1355_1462,0
2012_1361_1378,1
2012_1361_1379,1
2012_1361_1382,1
2012_1361_1387,0
2012_1361_1388,0
2012_1361_1393,0
2012_1361_1396,0
2012_1361_1400,1
2012_1361_1421,1
2012_1361_1424,0
2012_1361_1433,0
2012_1361_1435,0
2012_1361_1436,1
2012_1361_1438,1
2012_1361_1443,1
2012_1361_1452,1
2012_1361_1455,0
2012_1361_1458,0
2012_1361_1462,1
2012_1378_1379,0
2012_1378_1382,1
2012_1378_1387,0
2012_1378_1388,0
2012_1378_1393,0
2012_1378_1396,0
2012_1378_1400,0
2012_1378_1421,1
2012_1378_1424,0
2012_1378_1433,0
2012_1378_1435,0
2012_1378_1436,1
2012_1378_1438,0
2012_1378_1443,1
2012_1378_1452,0
2012_1378_1455,0
2012_1378_1458,0
2012_1378_1462,0
2012_1379_1382,1
2012_1379_1387,0
2012_1379_1388,0
2012_1379_1393,0
2012_1379_1396,0
2012_1379_1400,1
2012_1379_1421,1
2012_1379_1424,0
2012_1379_1433,0
2012_1379_1435,0
2012_1379_1436,1
2012_1379_1438,0
2012_1379_1443,1
2012_1379_1452,1
2012_1379_1455,0
2012_1379_1458,0
2012_1379_1462,1
2012_1382_1387,0
2012_1382_1388,0
2012_1382_1393,0
2012_1382_1396,0
2012_1382_1400,0
2012_1382_1421,1
2012_1382_1424,0
2012_1382_1433,0
2012_1382_1435,0
2012_1382_1436,1
2012_1382_1438,0
2012_1382_1443,1
2012_1382_1452,0
2012_1382_1455,0
2012_1382_1458,0
2012_1382_1462,0
2012_1387_1388,0
2012_1387_1393,0
2012_1387_1396,0
2012_1387_1400,1
2012_1387_1421,1
2012_1387_1424,0
2012_1387_1433,0
2012_1387_1435,0
2012_1387_1436,1
2012_1387_1438,1
2012_1387_1443,1
2012_1387_1452,1
2012_1387_1455,0
2012_1387_1458,0
2012_1387_1462,1
2012_1388_1393,0
2012_1388_1396,0
2012_1388_1400,1
2012_1388_1421,1
2012_1388_1424,1
2012_1388_1433,1
2012_1388_1435,1
2012_1388_1436,1
2012_1388_1438,1
2012_1388_1443,1
2012_1388_1452,1
2012_1388_1455,0
2012_1388_1458,0
2012_1388_1462,1
2012_1393_1396,1
2012_1393_1400,1
2012_1393_1421,1
2012_1393_1424,1
2012_1393_1433,1
2012_1393_1435,1
2012_1393_1436,1
2012_1393_1438,1
2012_1393_1443,1
2012_1393_1452,1
2012_1393_1455,1
2012_1393_1458,1
2012_1393_1462,1
2012_1396_1400,1
2012_1396_1421,1
2012_1396_1424,1
2012_1396_1433,1
2012_1396_1435,1
2012_1396_1436,1
2012_1396_1438,1
2012_1396_1443,1
2012_1396_1452,1
2012_1396_1455,0
2012_1396_1458,0
2012_1396_1462,1
2012_1400_1421,1
2012_1400_1424,0
2012_1400_1433,0
2012_1400_1435,0
2012_1400_1436,1
2012_1400_1438,0
2012_1400_1443,1
2012_1400_1452,1
2012_1400_1455,0
2012_1400_1458,0
2012_1400_1462,0
2012_1421_1424,0
2012_1421_1433,0
2012_1421_1435,0
2012_1421_1436,0
2012_1421_1438,0
2012_1421_1443,0
2012_1421_1452,0
2012_1421_1455,0
2012_1421_1458,0
2012_1421_1462,0
2012_1424_1433,1
2012_1424_1435,1
2012_1424_1436,1
2012_1424_1438,1
2012_1424_1443,1
2012_1424_1452,1
2012_1424_1455,0
2012_1424_1458,0
2012_1424_1462,1
2012_1433_1435,0
2012_1433_1436,1
2012_1433_1438,0
2012_1433_1443,1
2012_1433_1452,1
2012_1433_1455,0
2012_1433_1458,0
2012_1433_1462,1
2012_1435_1436,1
2012_1435_1438,1
2012_1435_1443,1
2012_1435_1452,1
2012_1435_1455,0
2012_1435_1458,0
2012_1435_1462,1
2012_1436_1438,0
2012_1436_1443,1
2012_1436_1452,0
2012_1436_1455,0
2012_1436_1458,0
2012_1436_1462,0
2012_1438_1443,1
2012_1438_1452,1
2012_1438_1455,0
2012_1438_1458,0
2012_1438_1462,0
2012_1443_1452,0
2012_1443_1455,0
2012_1443_1458,0
2012_1443_1462,0
2012_1452_1455,0
2012_1452_1458,0
2012_1452_1462,0
2012_1455_1458,1
2012_1455_1462,1
2012_1458_1462,1
